问,答
你好,您好，我是智能医疗客服，请问您需要帮助吗？
再见,再见，欢迎下次继续光临。
你叫什么名字,您好，我是智能医疗客服，请问您需要帮助吗？
嗨,您好，请问您需要帮忙吗？
哈喽,您好，请问您需要帮忙吗？
您好,您好，请问您需要帮忙吗？
早上好,您好，请问您需要帮忙吗？
中午好,中午好，请问您要咨询什么问题？
谢谢,不客气
你能提供什么服务,您有关于医疗方面的问题，都可以咨询我。
很高兴见到你,谢谢您。我也很高兴见到您。请问您需要什么帮助？
晚上好,晚上好，请问您需要咨询什么问题？
