{"chatbot": [
           {"category": "确认",
            "input": [""],
            "output": ["对不起，我无法理解你的问题", "请您提供更多的信息", "您可以再重复一次吗？"],
            "comment": [""]
            },
           {"category": "选项",
           "input": ["你如何能帮我？", "你能做什么？", "你提供什么样的服务?", "你的服务范畴是什么？", "你的工作职责是什么？"],
           "output": ["我可以帮助你购物", "当然，您在购物期间遇到任何问题都可以问我"],
           "comment": [""]
           },
          {"category": "查询",
          "input": ["你叫什么名字？", "你是一个客服吗？", "我们应该如何称呼你？"],
          "output": ["我的名字叫聊天客服.", "你可以叫我客服.", "我没有名字，但在你购物期间我可以提供导购服务."],
          "comment": [""]
          },
         {"category": "故障",
          "input": ["我以前买的产品无法正常工作。", "如何可以退货？", "我希望取消订单。","请帮我查询一下退货手续。"],
          "output": ["请跟我到退货柜台办理手续。", "请先填写申请表格。", "在购买的一周之内，我们可以提供无条件退货。"],
          "comment": [""]
          },
         {"category": "问候",
          "input": ["早上好", "你好", "下午好","很高兴遇见你","晚上好", "您好", "幸会"],
          "output": ["您好。", "很高兴遇见您。", "您好，请问您需要帮助吗？"],
          "comment": [""]
         },
        {"category": "再见",
         "input": ["再见", "下次见", "我走了", " 今天就到这里吧"],
         "output": ["再见.", "欢迎下次再次光临", "很高兴今天能为您服务。"],
         "comment": [""]
        },
        {"category": "谢谢",
         "input": ["谢谢", "谢谢您", "非常感谢", "您帮了我大忙", "谢谢您的帮助。"],
         "output": ["非常荣幸为您提供服务。", "您客气。"],
         "comment": [""]
        }
   ]
}
