{"chatbot": [
           {"category": "confirm",
            "input": [""],
            "output": ["Sorry, I can not understand your question.", "Please provide more infomation.", "I beg your pardon."],
            "comment": [""]
            },
           {"category": "option",
           "input": ["How can you help me?", "What you can do?", "What help do you provide?", "How you can be helpful?", "What support do you offer?"],
           "output": ["I can guide you through the shopping.", "Sure, I can help if you have any questions during your shopping."],
           "comment": [""]
           },
          {"category": "query",
          "input": ["What is your name?", "Are you a customer service supporter?", "Which name do you prefer to be called?"],
          "output": ["My name is chatbot.", "You can call me chatbot.", "I am a customer service supporter."],
          "comment": [""]
          },
         {"category": "change",
          "input": ["The product I bought here previously does not work properly.", "How to request a product replacement.", "I want to cancel the order.","Please guide me to the replacement procedure."],
          "output": ["Sure, I will guide you to the office.", "The first step is to fill out the application form.", "The product can be replaced within one week from the time you purchased."],
          "comment": [""]
          },
         {"category": "greeting",
          "input": ["Good morning", "How are you", "Good afternoon","Nice to meet you","Good evening", "Hello", "Good day"],
          "output": ["Hello.", "Nice to meet you.", "Hi, how can I help?"],
          "comment": [""]
         },
        {"category": "goodbye",
         "input": ["Bye", "See you later", "Goodbye", " bye", "See you next time"],
         "output": ["See you later.", "Have a nice day.", "Bye."],
         "comment": [""]
        },
        {"category": "thank",
         "input": ["Thanks.", "Thank you.", "It is helpful.", "Thanks very much.", "Thanks for the help."],
         "output": ["It is my pleasure.", "You are welcome."],
         "comment": [""]
        }
]
}
